{
  "project_info": {
    "project_number": "502830220254",
    "project_id": "ahmednisar-6424b",
    "storage_bucket": "ahmednisar-6424b.appspot.com"
  },
  "client": [
    {
      "client_info": {
        "mobilesdk_app_id": "1:502830220254:android:55762b3d3bdcde4624534f",
        "android_client_info": {
          "package_name": "com.tulane.loginexample"
        }
      },
      "oauth_client": [
        {
          "client_id": "502830220254-3ito0pienf3bf3kvgstb6qae5fs7rfa1.apps.googleusercontent.com",
          "client_type": 3
        }
      ],
      "api_key": [
        {
          "current_key": "AIzaSyAapjexDbhcdD0bA2cVms4hurk3uqDGWvs"
        }
      ],
      "services": {
        "appinvite_service": {
          "other_platform_oauth_client": [
            {
              "client_id": "502830220254-3ito0pienf3bf3kvgstb6qae5fs7rfa1.apps.googleusercontent.com",
              "client_type": 3
            }
          ]
        }
      }
    }
  ],
  "configuration_version": "1"
}